<project name="Arlo_Resources" default="dist" basedir=".">
    <description>
    Projet SDIAL : Ressources
  </description>
    <property name="src" location="src" />
    <property name="build" location="build" />
    <property name="dist" location="dist" />
    <property name="version" value="1.0" />
    <property name="one-jar.dist.dir" value="c:/one-jar-ant"/>
    <import file="${one-jar.dist.dir}/one-jar-ant-task.xml" optional="true" />
    
    <target name="init">
        <!-- Create the time stamp -->
        <tstamp />
        <!-- Create the build directory structure used by compile -->
        <mkdir dir="${build}" />
    </target>
 
 
    <target name="compile" depends="init" description="compile the source">
        <javac srcdir="${src}" destdir="${build}">
            <classpath>
        		<pathelement path="resources-app-guijar"/>
        		<pathelement path="resources-app-functions.jar"/>
        		<pathelement path="../resources-app-functions.jar"/>
        		<pathelement path="../resources-app-gui.jar"/>        		
    		</classpath>
        </javac>
    </target>
 
    <target name="dist" depends="compile" description="generate the distribution">
        <buildnumber />
        <!-- Create the distribution directory -->
        <mkdir dir="${dist}/lib" />
 
        <jar destfile="${dist}/lib/resources-app-gui.jar" basedir="${build}" includes="**/*.fxml">
    		<fileset dir="${build}">
    			<include name="**/view/*"/>
    		</fileset>
    		<fileset dir="${src}">
    			<include name="**/view/*"/>
    		</fileset>
        </jar>
        <jar destfile="${dist}/lib/resources-app-functions.jar" basedir="${build}" includes="**/facade/*:**/model/*:**/util/*">
        	<fileset dir="${build}">
        		<include name="**/facade/*"/>
        		<include name="**/model/*"/>
        		<include name="**/util/*"/>
        	</fileset>
    	</jar>
    </target>
    	 
    <target name="clean" description="clean up">
        <delete dir="${build}" />
        <delete dir="${dist}" />
    </target>
</project>